{
  "Version": "2012-10-17",
  "Statement": [
    {
      "Effect": "Allow",
      "Action": [
        "cloudformation:List*",
        "cloudformation:Get*",
        "cloudformation:ValidateTemplate"
      ],
      "Resource": [
        "*"
      ]
    },
    {
      "Effect": "Allow",
      "Action": [
        "cloudformation:CreateStack",
        "cloudformation:CreateUploadBucket",
        "cloudformation:DeleteStack",
        "cloudformation:Describe*",
        "cloudformation:UpdateStack"
      ],
      "Resource": [
        "arn:aws:cloudformation:ap-south-1:962512571654:stack/gimme time-stg/*"
      ]
    },
    {
      "Effect": "Allow",
      "Action": [
        "lambda:Get*",
        "lambda:List*",
        "lambda:CreateFunction"
      ],
      "Resource": [
        "*"
      ]
    },
    {
      "Effect": "Allow",
      "Action": [
        "s3:GetBucketLocation",
        "s3:CreateBucket",
        "s3:DeleteBucket",
        "s3:ListBucket",
        "s3:GetBucketPolicy",
        "s3:PutBucketPolicy",
        "s3:DeleteBucketPolicy",
        "s3:ListBucketVersions",
        "s3:PutAccelerateConfiguration",
        "s3:GetEncryptionConfiguration",
        "s3:PutEncryptionConfiguration"
      ],
      "Resource": [
        "arn:aws:s3:::gimme time*serverlessdeploy*"
      ]
    },
    {
      "Effect": "Allow",
      "Action": [
        "s3:PutObject",
        "s3:GetObject",
        "s3:DeleteObject"
      ],
      "Resource": [
        "arn:aws:s3:::gimme time*serverlessdeploy*"
      ]
    },
    {
      "Effect": "Allow",
      "Action": [
        "lambda:AddPermission",
        "lambda:CreateAlias",
        "lambda:DeleteFunction",
        "lambda:InvokeFunction",
        "lambda:PublishVersion",
        "lambda:RemovePermission",
        "lambda:Update*"
      ],
      "Resource": [
        "arn:aws:lambda:ap-south-1:962512571654:function:gimme time-stg-*"
      ]
    },
    {
      "Effect": "Allow",
      "Action": [
        "apigateway:GET",
        "apigateway:POST",
        "apigateway:PUT",
        "apigateway:DELETE",
        "apigateway:PATCH",
        "apigateway:UpdateRestApiPolicy"
      ],
      "Resource": [
        "arn:aws:apigateway:*::/restapis*",
        "arn:aws:apigateway:*::/apikeys*",
        "arn:aws:apigateway:*::/usageplans*"
      ]
    },
    {
      "Effect": "Allow",
      "Action": [
        "iam:PassRole"
      ],
      "Resource": [
        "arn:aws:iam::962512571654:role/*"
      ]
    },
    {
      "Effect": "Allow",
      "Action": [
        "iam:GetRole",
        "iam:CreateRole",
        "iam:PutRolePolicy",
        "iam:DeleteRolePolicy",
        "iam:DeleteRole"
      ],
      "Resource": [
        "arn:aws:iam::962512571654:role/gimme time-stg-ap-south-1-lambdaRole"
      ]
    },
    {
      "Effect": "Allow",
      "Action": "sqs:*",
      "Resource": [
        "arn:aws:sqs:*:962512571654:gimme time-stg-ap-south-1"
      ]
    },
    {
      "Effect": "Allow",
      "Action": [
        "cloudwatch:GetMetricStatistics"
      ],
      "Resource": [
        "*"
      ]
    },
    {
      "Action": [
        "logs:CreateLogGroup",
        "logs:CreateLogStream",
        "logs:DeleteLogGroup"
      ],
      "Resource": [
        "arn:aws:logs:ap-south-1:962512571654:*"
      ],
      "Effect": "Allow"
    },
    {
      "Action": [
        "logs:PutLogEvents"
      ],
      "Resource": [
        "arn:aws:logs:ap-south-1:962512571654:*"
      ],
      "Effect": "Allow"
    },
    {
      "Effect": "Allow",
      "Action": [
        "logs:DescribeLogStreams",
        "logs:DescribeLogGroups",
        "logs:FilterLogEvents"
      ],
      "Resource": [
        "*"
      ]
    },
    {
      "Effect": "Allow",
      "Action": [
        "events:Put*",
        "events:Remove*",
        "events:Delete*"
      ],
      "Resource": [
        "arn:aws:events:ap-south-1:962512571654:rule/gimme time-stg-ap-south-1"
      ]
    },
    {
      "Effect": "Allow",
      "Action": [
        "events:DescribeRule"
      ],
      "Resource": [
        "arn:aws:events:ap-south-1:962512571654:rule/gimme time-stg-*"
      ]
    }
  ]
}